{"cameraMode":{"drawMode":0,"name":"Shaded","section":"Shading Mode"},"sceneLighting":false,"audioPlay":false,"sceneViewState":{"showFog":true,"showMaterialUpdate":false,"showSkybox":false,"showFlares":true,"showImageEffects":true,"showParticleSystems":true},"in2DMode":false,"pivot":{"x":2.980232238769531e-7,"y":0.9093013405799866,"z":0.0011922121047973633},"rotation":{"x":0.07896842807531357,"y":0.9208695292472839,"z":-0.2608166038990021,"w":0.27881550788879397},"size":3.932651996612549,"orthographic":true}